"","exp_0","exp_1","exp_2","exp_3","exp_4","exp_5","exp_6","exp_7","exp_8","exp_9","exp_10","exp_11","exp_12","exp_13","exp_14","exp_15","exp_16","exp_17","exp_18","exp_19","exp_20","exp_21","exp_22","exp_23"
"gene_0",0.221693522494647,0.261671209187598,-0.108631027053367,-0.161860639156754,-0.171676857790231,-0.0743018114219508,-0.0350823834946326,0.102729594593137,0.0600858455204319,0.0236761385555541,0.293277977814854,-3.33141531520066,-2.93923912623824,-3.62145435195578,-3.05206556862792,-2.78690507250607,-2.99113818291559,-2.71620240395972,-3.24979368957007,-3.01228087373542,-2.9582133892917,-3.05513635053503,4.61756952500343,1.96769490849147
"gene_1",-0.0182826596011166,-0.140809229279481,-0.0702532110985334,-0.0328717288167702,0.150523220404686,-0.219022957470193,0.0292956851073783,0.21372667198253,-0.17223121607745,-0.0174240850318461,0.0959849487786661,-3.25628457501342,-3.40817531616159,-2.77169144820215,-3.23008446121437,-2.85809693357532,-3.12556803877234,-3.07893260953141,-3.14958280507009,-3.23163099643019,-2.99663916154209,-3.13519099924447,5.46234390478904,1.62583401747295
"gene_2",0.195402091110422,-0.0725122180991898,0.0104185314343572,0.0802447403209797,-0.0972235790792469,-0.171278248438414,-0.0518462746408375,-0.0767349120504522,0.253137876914407,0.0588161326200462,-0.277961203466958,-3.04979860011748,-2.91753627194561,-3.18733039725166,-3.15909280706296,-3.02076076704835,-2.98477648108036,-2.81363548610878,-3.17717587642669,-2.83640841783232,-3.00194852400231,-3.23341699714344,5.62660556559389,1.20039392325194
"gene_3",0.0695323027792656,0.233504981027919,-0.176964475153449,0.240048173350973,-0.0668008241916002,0.225002482726186,-0.476611350389316,0.147630394692949,0.266736422293453,-0.190553016106135,0.175289852403411,-2.85486192736291,-3.16468230011601,-2.82351330092763,-3.0035398851099,-2.94691374828906,-2.85731106045765,-2.95110835059371,-2.7522536197445,-3.06364287274727,-3.05506674765285,-3.14523792529997,6.0581852952429,1.47286053420737
"gene_4",0.151242573414277,-0.0732330727262527,0.154984116241263,-0.138726079201326,-0.266253056757535,0.0026569796227562,0.0544014529271012,-0.241243451648182,-0.234497823321946,-0.190027252360701,0.200842534858474,-2.87570497667455,-2.66655757717483,-3.11648187745138,-3.15075182490325,-2.95428804034682,-3.02665084226471,-2.76291422531941,-3.01456735115643,-3.09236536024668,-3.30662484328126,-2.89161244843096,4.79430986637262,0.743245662357607
"gene_5",-0.275121382622941,0.121323916739872,-0.212530026984995,0.194846380432283,-0.1458268142782,-0.115479121729467,-0.146766630297345,-0.0388831361208854,0.171070108814665,-0.0181754292505554,-0.0890560761950758,-2.91988677612408,-3.20670009605592,-3.02939157080457,-2.70587799058204,-2.80544757340366,-3.2515388708216,-3.25933828712399,-3.0295856525919,-3.21660021897125,-2.53322363309324,-2.86602719825955,3.52455116273388,0.820443802716846
"gene_6",0.225930552201187,-0.0848926257541753,-0.317077972502554,0.0502544503702943,-0.149519183922699,-0.12534048800554,0.0767541573233777,-0.00295095336538698,-0.0579001345885695,0.141557439143609,-0.193288443877772,-2.99440911700692,-3.00254580076308,-3.15652779235568,-3.07214282357862,-3.1485116099316,-2.79950921768996,-3.15290602375055,-3.14349691087646,-3.15952208864504,-3.12958966851503,-3.12367211345936,4.27584105916898,4.1084996763936
"gene_7",0.36916214114483,0.0525799755617718,0.192542973347966,0.252586793306042,-0.0796084939842653,0.393507808122613,-0.00706907956691736,-0.193837585014397,-0.0699538756981844,0.208272549452576,-0.138961470014111,-2.97226941489066,-2.57770158964582,-3.17669615501496,-3.05996763189067,-3.07185066549628,-3.19645935699168,-3.02524938021232,-2.76448293903195,-2.87541173058264,-2.73278477735058,-3.14439242065391,5.56020705060429,3.04659130439762
"gene_8",-0.204316448140198,-0.0551427161816965,-0.107175922126196,0.0442527251475684,0.255696242398176,-0.055083604467163,0.291983470585494,-0.27697697350125,-0.213582862576407,-0.275461441159796,0.0815738104815552,-3.33683117359067,-3.04567404953797,-3.00174219255537,-3.11458304710179,-2.75337349595886,-3.24133107901191,-3.11395940840132,-2.62300925549586,-3.17241627365801,-2.98551918891661,-2.6626764778,4.12324421886691,3.05313075827471
"gene_9",0.420582853752763,-0.285598346083365,0.189474612972364,0.239420713819591,-0.0380391757656768,-0.393473149285669,-0.0730809776629901,-0.109305802905295,0.466897113896197,-0.0330447649961675,-0.0490917157383043,-3.24075608751927,-2.57309408691482,-3.3001178524138,-2.76177381664101,-2.89951751991264,-2.74202073330584,-2.99873167877999,-3.04367639909329,-2.90736483385537,-2.75054628145633,-2.94184932082186,6.82961377208892,2.08934462560597
"gene_10",0.141641712743752,0.100311543737757,0.0364347134172129,0.149924351849435,-0.341294075655833,-0.162437102892174,0.387758540084142,-0.12820154589189,0.0683771429982043,-0.264746859719585,0.020505167963376,-2.73912793151669,-2.984045881409,-3.12538024062503,-2.99897975766773,-3.21128558675047,-3.14321255470661,-2.54488301348965,-2.75888137915463,-3.03513542408096,-3.23693835052063,-2.80457390891588,-2.17683572100401,-4.24300461841814
"gene_11",-0.4156967739046,-0.0127655710289241,0.2882358203192,0.0613528695907171,0.204572951058743,0.321161051263983,0.0513112481896761,-0.220602572400496,0.225992116534127,-0.0267648803151915,0.163077845393132,-2.68713053032678,-3.22476364729245,-2.73549461456016,-2.94366597942897,-3.16532295461965,-2.91888521902213,-3.0900937820656,-3.23944581013652,-3.47962199788286,-2.77243914484978,-2.93204253621794,-1.11012076910365,-5.50356132382359
"gene_12",-0.167134069592286,0.207853578784577,-0.102533892439929,-0.0229412695737677,-0.0905000339839757,-0.341718604522751,-0.153869052286976,0.0583913344782832,-0.288799266844589,0.239781127684722,0.0386758240043163,-2.96421833702747,-2.96219517268147,-3.12820234162102,-2.919782358082,-2.95331099618779,-3.04972636421888,-3.17370295742615,-2.89214345019722,-2.93789576815793,-3.17997025222061,-3.3069451634348,-1.38358404015789,-5.78307020941428
"gene_13",0.139752786799019,0.0893143667243156,-0.0476902343810692,-0.208241380912527,-0.0516844225655105,0.405128070713612,0.458279711024934,0.678138111028139,-0.0721482982316871,0.211054605952549,0.145425148007937,-2.86781202867791,-3.27219382627592,-2.68410705094285,-2.82992318564824,-2.92432196374032,-2.69989778275437,-3.38495369197155,-2.97942508072171,-2.78589809501931,-2.81623654678532,-2.87204667398268,-1.62050746973469,-2.88710376958609
"gene_14",0.183054888366854,-0.458032495022907,-0.026486462051799,0.243932555714806,0.231826993059238,0.0152151998985157,0.191985116390522,0.0265217482828335,0.0457586214898604,0.00357722888436875,-0.0317012859094434,-2.73578381281145,-3.18478128693084,-2.96976353182801,-2.88087816591141,-2.82987088164583,-2.86713736278446,-3.41172879242191,-3.11572175879221,-3.20303371885984,-2.79772464290477,-2.7891036566767,-2.78256566744262,-3.3151896050735
"gene_15",0.195118955509439,-0.442619209621607,-0.0567175509678548,0.015516555442247,0.445496368177044,-0.245550058273925,0.0320264110105915,-0.17895070533313,0.0380615468053448,0.161867936092337,-0.0873568949842806,-2.80169713016579,-3.11223108149851,-3.02296242488239,-3.00825752124687,-3.24082927304269,-2.87374018399182,-2.92786316348864,-3.18728041685509,-2.80825945178645,-3.21973572975189,-2.97617943068041,-2.45333935288352,-5.06942798836367
"gene_16",0.195981443352894,-0.151336831876807,-0.139802428402102,0.0113939211648719,-0.195571345758794,-0.230559217438564,0.2183398782829,-0.359326183033395,0.122540091390141,0.083170065766254,0.150510500920335,-3.01893225930925,-2.82363431148616,-3.11781809623941,-3.21549101166836,-3.29029521464183,-2.76211524100551,-3.08219992066657,-3.28288823336134,-3.1598265504937,-3.04051489917058,-3.05203161971443,-1.77778759608048,-3.99523361431834
"gene_17",0.417343395699413,0.215622489189206,-0.403227990482323,-0.218211107814292,0.0189736586362865,0.175794291029217,-0.0156659356042879,-0.209942507017144,0.110795915669506,0.0960848386620874,0.0535461792758974,-3.15994432238941,-3.32249263211778,-3.11126770908287,-3.03499822439801,-3.38465343515892,-2.80177587387405,-3.01603554566787,-3.45787431650548,-2.76951280632894,-3.04548804248551,-2.98314961733892,-1.82402886180258,-4.46371470134464
"gene_18",-0.028544273656916,-0.0704647737460734,-0.221976619477335,0.0125645028963438,-0.0188439955213839,0.214387469622102,-0.0350498423391784,0.34657417283981,0.215881230320328,0.280766363215013,-0.0815135600338307,-2.97356194552546,-2.7745872303467,-2.73654290672026,-3.35138157114364,-3.20582022078293,-3.25653224285594,-3.06412779748122,-2.80427382009081,-3.40867527985768,-2.73648288462257,-3.25764161916312,-1.49009339814623,-4.29810723593891
"gene_19",0.101467453114265,0.301931526700859,0.156841052048436,0.13384383779331,-0.166179020890422,0.204286048674513,0.0420943860934217,0.0829214858539343,-0.206295186137398,0.218034663550079,0.080592774031067,-2.81994091612928,-3.42434349757224,-2.97700590586738,-2.68073108261283,-3.1036018855004,-3.07349425374982,-2.9211689555663,-3.18260702573671,-3.06564090377222,-3.32219849468697,-3.16884320543151,-0.702059465873368,-5.80387313919537
"gene_20",-0.314157919600655,-0.0562475505676461,-0.179401940054685,-0.083830496563507,0.0236379715127179,0.0338315701431718,-0.2922181714968,0.0951772212986086,-0.161942448477339,0.122396077862649,0.00257003236816717,-3.08183193377325,-3.03492957183782,-2.6728571083528,-3.05963490445008,-3.21880071377706,-3.0854960568177,-3.0341829005155,-2.77420969274419,-2.87287802190375,-3.06336226444309,-3.26859280147372,-2.29176572407123,-2.50681756353035
"gene_21",-0.0848173642201883,0.206785268144373,0.138483994853343,-0.085870838077834,0.0234551279635274,-0.0635405643246717,0.412355812865221,-0.0421819838922374,-0.0469410156356807,-0.308191645110309,-0.356689530083364,-3.05367083075593,-2.97860838615406,-3.14762564983054,-2.8912550090049,-2.76199712137797,-2.97935588071404,-2.67501477806288,-2.82425663443843,-2.98094341592787,-2.94098835331741,-3.22524604192591,-1.28361924224045,-2.98559314931831
"gene_22",0.253604459953007,0.104490006760777,-0.301984744029113,-0.466865130686917,0.0403013698189351,0.298471667228165,0.201808609366422,-0.068219963289172,0.185433014476732,-0.0937660304423623,-0.0802836642555775,-2.91206159742395,-3.03220341188512,-3.01458975152368,-2.82122365523861,-2.68932599695577,-3.02606947580564,-2.99081348320333,-2.93975569182368,-2.97098697090274,-2.40422252704403,-2.95794940765157,-1.63711073018109,-3.82381947611821
"gene_23",-0.164737472479892,0.348030188517188,-0.151166658712196,0.0256132055647379,-0.215928749511804,-0.0541814792985299,-0.396002531835779,-0.136227465592734,0.189405032853269,0.258244274784402,0.428744524489242,-3.15649114474396,-2.96863253283868,-3.12008980126548,-2.75876960965956,-2.86751307951692,-3.18721027625984,-3.15508929978343,-3.00399022108317,-3.04747071218352,-2.93933597973948,-2.67285640591399,0.231166001632849,-4.02052674864976
"gene_24",-0.0291655470763403,0.101492428777955,-0.00940237723812844,-0.0196480990519258,0.111142932186966,0.0036246215135658,-0.160910975123952,-0.14809163572959,-0.0881679735683289,-0.210600365895502,0.0139507496350024,-2.81106457071899,-2.50300216492629,-3.41212008645254,-3.25315578547522,-3.45956876147972,-3.05680166389915,-2.76522187180996,-2.9132101129347,-3.00971680917985,-3.09045191196164,-3.0367629440803,-3.36567786824665,-6.40000075111555
"gene_25",-0.158789384292436,0.186632476405881,0.0940326352700167,-0.101952231990928,0.175668647154416,0.200143975849293,0.148850992821873,0.140072922637394,-0.108020601738852,-0.449041417737701,-0.0993775744055445,-3.12579667271978,-3.2765861728558,-2.76457794199681,-3.00781372921318,-3.24101441894327,-3.0960253570825,-2.93247105979063,-2.57692781145228,-2.86982901860747,-2.84850148723226,-2.81720733846476,-4.87682751307582,-3.20713990605973
"gene_26",0.310229067193729,0.012245156834244,-0.0145920034636715,-0.240007734731516,-0.0346163243379972,0.354191229736023,0.145870096936683,0.332919998634861,-0.101198133084215,0.136900192325547,-0.0719091936211794,-3.23316827958348,-3.30162949820505,-2.5323558255107,-3.07380492945298,-3.35058059645429,-3.25915949285883,-2.98081102786623,-2.81745288054707,-3.05306505858025,-3.10036255525646,-2.98246972273928,-3.63614942146923,-4.4410034086432
"gene_27",0.230546994992772,0.099812133408591,-0.251871152751681,-0.172710556996991,-0.114785864692826,0.18955304350481,0.0822126952725074,-0.0277873983149428,0.0129201509981975,-0.449362984346061,-0.0905551410256916,-3.28438444343047,-2.8526412881266,-2.67122770490729,-2.63194439115559,-2.73313688513361,-2.93007395174135,-2.76297768724094,-2.97841554225285,-2.70571817213736,-2.96481566825599,-3.27677270705965,-1.71708713138347,-2.52237755265522
"gene_28",-0.123686553360363,-0.0599722913606299,-0.00456922400667769,-0.129782278874334,0.123693321425922,-0.133771785475778,-0.292228784784035,0.0682751617794464,0.0484402876059936,0.0207404397696452,-0.0375968065252577,-3.01991719902356,-2.90932953300413,-3.08907262984572,-2.99432413459371,-3.06368190912844,-2.82443342735864,-2.95922307379593,-3.10316130918915,-3.07593915161491,-2.67119967812435,-2.87787387761415,-0.274394571580969,-5.0222428621448
"gene_29",-0.00632388006688322,-0.733923928119318,0.231970070654969,0.250414451175336,-0.252201314071534,0.277718156792238,0.0872474517578965,0.283308529615283,-0.110853017461805,0.255998731050098,0.203338732188374,-3.20178946637062,-3.26886665009926,-3.26569273408354,-3.18216800757052,-2.93755277092563,-2.90193486690699,-2.72702197209347,-2.74053933013787,-3.06393415333744,-2.93119080617184,-3.25160513339146,-0.581077410983568,-5.60705608355347
"gene_30",0.330546208838437,0.0949304033857822,0.150938242364632,0.486109708191044,-0.318914097261589,0.0736181159063112,0.25698770366958,-0.284375591896028,0.174007234747103,-0.206378441427201,0.367883527621743,-2.7954795203048,-2.83817288628561,-3.17268166204917,-3.4168934835682,-3.00551488394074,-3.2506349618509,-2.59111587216408,-3.05361267676303,-2.94008615139952,-3.08450600256021,-3.10764160658268,-1.05706553360807,-3.55175453160862
"gene_31",-0.0208692682108206,-0.0319534502628243,-0.232156346519215,0.0228893183420055,-0.11982504190283,0.13955919107222,0.111777694418273,0.145372191104582,0.0692287292528166,-0.00217651732585764,-0.197556256846835,-2.90808906923301,-2.74624478232326,-2.74080734444655,-2.99437289602628,-2.86334398713132,-2.89815226261872,-2.9242949357759,-3.04405101920695,-2.72461078902221,-3.08230738711615,-2.67236815694928,-1.54764468084945,-4.12870236792464
"gene_32",-0.159659184525336,0.0257891729885431,-0.163398915219052,0.188113877174619,0.116551633464316,0.0554828246605858,-0.054672468308243,0.0153856663062155,0.1457665506654,0.0839063640887527,-0.0454422310530629,-3.29425638028333,-2.81370860754919,-2.9902063972089,-3.18599224981831,-2.83964461477165,-3.29082261655024,-3.16470263021851,-3.27604009522666,-2.83319381609832,-3.09787405844035,-3.1004952905208,-2.4481307439627,-3.60337045499459
"gene_33",-0.0140058627080698,-0.131113462124801,-0.143646498131985,-0.118372814540099,0.110851325843244,-0.230174103057697,-0.095749739795027,-0.122133988580065,-0.3950728678647,0.0895440358448731,-0.240256931385833,-2.96315154388002,-2.85742557655087,-2.88829202137677,-3.03184683696262,-2.85085254814534,-3.03774368939291,-3.24574848545459,-3.16262215569104,-2.805707738087,-2.98958963941347,-2.86867098486962,-2.71254842018911,-4.18444973120529
"gene_34",-0.0943824181705809,-0.131955477717774,0.190236822059325,0.0138638535781752,-0.501356255745883,-0.40949160914663,0.0482371902110263,0.390972781453542,-0.118960601904461,0.264804033721788,-0.0272198072218936,-3.1221175198252,-2.63894068679872,-3.26561278445394,-2.90172915538909,-2.64580618618708,-3.14994873366223,-3.31411120255377,-2.85073496720375,-3.18923902567863,-2.91693951709937,-3.11734050072443,-1.61846357339095,-2.90125255032619
"gene_35",-0.413502217148378,0.17478876035057,-0.0178715821262175,0.0958932783600112,-0.265702855064845,-0.0315911862299832,-0.201999666538807,0.0398215019490661,-0.0970565429681397,-0.359286768554559,0.0638276012705929,-2.74253571305859,-2.57275226973919,-2.63307477152476,-2.731623768178,-3.18430115986198,-3.45070428629555,-2.8442040402195,-2.73439584924272,-2.95892642714507,-2.86125358694434,-3.12801868895628,0.209396246576614,-3.48517779279375
"gene_36",-0.0521309470746642,0.50694006225745,0.101867008652881,0.0790518167763916,-0.0230497780588603,-0.108847907379,0.15611839582436,0.169260364562399,0.193427063225228,0.109384440040225,0.100985963820761,-2.83518882453964,-2.51902033388189,-2.85335326040446,-2.85770353739037,-3.1343777731294,-2.97339861526289,-3.23013163196542,-3.0493865257338,-2.95025588126918,-3.17618443660124,-2.86920871640797,-2.05394196201472,-4.0340381361658
"gene_37",-0.0194675428798354,-0.36163305274449,0.309396414584433,-0.161873194026387,0.0354375809680091,0.266494987660382,0.33180754393272,0.0261364801721568,0.367215353068264,0.0338711517525917,-0.110400034783406,-3.06559620591864,-2.67340688543082,-3.17414325556844,-3.00439075550026,-3.15823903824933,-3.38798668194093,-2.83227413676722,-2.95651779396069,-3.17515833839753,-3.2619983363804,-3.23376276924108,-1.82343049689973,-4.27806832439346
"gene_38",0.265332017832118,-0.419362078652825,0.0935188997461459,0.0966632049276361,0.0764057399173358,0.123961752784656,0.292545445227499,-0.0227001850374528,-0.207350487821811,-0.0619873529978939,-0.0402786391833366,-3.1291622194458,-3.12564432735866,-3.25325162897124,-2.76165128388575,-3.11440594007815,-2.7809006171972,-2.94321151778255,-2.77785745647692,-3.17104796793436,-3.03007869124583,-3.0331656871422,-0.960536079835817,-5.43790022759132
"gene_39",-0.107361228690641,0.235278853552946,-0.204000652744881,0.264391153502232,0.151318069527919,0.126995656131043,0.128344630690855,-0.0441130354658112,0.177550326660288,0.361616461943856,0.163848876502297,-3.23280056820008,-3.14182863247557,-3.02970882531066,-3.09354746479283,-3.42231164396661,-3.13361834577988,-3.09701744712626,-2.80090708229711,-2.90971716099747,-3.31165537994981,-3.12373127564876,-2.47456550398236,-3.24978089745428
"gene_40",0.28197213883707,-0.117209847690834,-0.116564080807108,-0.252988699909032,0.381484825339894,0.0908236183466121,-0.275374022030547,-0.230869590505749,0.299498127394361,0.104491765549487,0.224776748634995,-2.93815300155668,-3.21408224188831,-2.95377126650498,-2.6389111101731,-2.98635317873951,-3.17534960089985,-3.34051555210624,-3.01966365416868,-3.1179890925741,-2.80459988248688,-3.15411865285828,8.4420216575823,-7.98838170625304
"gene_41",0.0459528360676476,0.0747652241494073,0.181923800716427,-0.236561556995784,-0.177740197334332,0.0439661649537036,0.254242309500839,-0.101200324147793,0.159150443354438,-0.0605118495427253,-0.236596536066447,-3.01570178284583,-2.85563904801352,-3.19372233805728,-3.26354712188829,-3.1649185561548,-3.23660599621878,-2.71803133384428,-3.0853425677657,-3.2570594325896,-2.78645962964358,-2.86876323301441,8.34436228943771,-6.9699813728416
"gene_42",-0.167227372438194,0.079107957155092,-0.0235478480040447,0.0159100330799554,-0.0455830280278688,-0.0324492774261753,0.0976619090421402,0.268967989278928,-0.0707361472845129,-0.141104611318199,0.174874160275246,-3.10419977492093,-3.19104089967004,-2.78065530101944,-3.05829048541216,-3.04843478636922,-2.83535520590091,-3.12345261269316,-2.92388260235415,-2.87868116703119,-2.89991879105906,-3.17053908895683,9.070729177959,-5.43771701087481
"gene_43",-0.108307347818791,0.0658056905953545,-0.02184308350988,-0.0983001784564356,-0.0960131100281851,0.188574185399592,-0.191105344912232,0.00562709467980704,0.1846053231003,-0.179552797952522,-0.211965631291467,-2.79809485264189,-3.1307807506685,-2.730487743196,-3.23307496224317,-3.2227528171397,-3.00075855809086,-3.11324528881367,-2.95765119381079,-2.82885600264182,-2.88834118878121,-3.38585169168929,6.77009850433086,-6.06319295143687
"gene_44",-0.169378048392292,-0.404128155391893,-0.200479067989517,-0.0761783517221194,0.188965265675314,-0.0539184705496306,0.0368894465385285,0.028824413065041,0.107481602106113,0.0295898371999635,-0.157840107206332,-2.74820347197486,-2.98292266302736,-3.10318421543664,-3.34135232063901,-3.06766442380768,-2.88782832228858,-3.06481453581638,-2.80204147103293,-3.08142243481668,-3.1734585504287,-2.86255191186856,7.09972568513555,-7.42454218303755
"gene_45",-0.0976017193122217,-0.431100557409194,-0.196043826631456,0.421091003899316,-0.248217408543039,0.180187029838193,0.283762950300468,0.185236473596857,-0.321196321448565,-0.0659873793381228,-0.0871146957396331,-3.16071490591865,-2.77865338209811,-3.42093988416206,-3.28633815557198,-2.75934310185452,-2.96797952826562,-3.28806297142808,-2.79396108416366,-3.08701114851946,-2.79606028183884,-3.19724272640319,7.44161324649098,-5.23175959349458
"gene_46",0.161949903684675,-0.203327942494155,0.1823474686759,-0.354785152394742,0.267020104331832,-0.078022262502208,-0.0561916688416686,0.51078617455107,-0.381989267933885,0.294195967362149,0.0464719132765738,-3.32433537006552,-2.89750004282556,-2.83585908192362,-2.98126835579924,-2.7405931604248,-2.83779332009772,-3.24699292689674,-2.8577052126534,-2.93069331447553,-3.02485090039667,-2.80995528295973,8.34013703610329,-7.80815833267534
"gene_47",-0.0920846971453309,-0.18579759256637,0.292085954663525,-0.195929948770972,-0.198535608233081,0.109474006173227,-0.265215643170426,-0.160202702707506,0.0307742538639511,0.00313500987467132,-0.16865533232924,-3.08158409838016,-3.02091082080492,-3.10009798322535,-2.71908165731163,-2.89270949936185,-3.18030214140291,-3.14354110402569,-2.97338782248827,-3.24440189100016,-3.38564222568967,-2.4884787367318,6.65579897144408,-9.70053495118277
"gene_48",-0.191664225349427,0.0337157385020056,0.068341298460948,-0.115757795175955,-0.0289841698849558,0.298087625167137,0.335701771509161,0.13705620294184,-0.141692806609221,0.0830512297191483,0.0524621688747369,-2.99514240977533,-2.60876299676251,-3.34480851667828,-3.01873492682491,-3.05480019785226,-3.18236184813837,-2.90774961965014,-3.22646211219344,-3.13790522229742,-2.87402698580624,-2.59739255467117,8.23370827243142,-6.31023602778209
"gene_49",0.00804416331941591,0.0139830493750643,0.0216587627292298,-0.0596867262516345,-0.225421883019989,-0.13759192089981,-0.287343576011415,-0.0179534830058685,-0.363424588494525,-0.0483984733895893,-0.143421205496031,-2.85814906296228,-3.12663698734688,-2.74928678342076,-3.00827277653821,-3.04057978554734,-2.95178124408894,-3.06806890629359,-3.19540567837191,-3.01006130098291,-2.75269491746808,-3.08499357794393,7.4901060133504,-6.2161922482826
"gene_50",-0.0804848071369555,-0.0988811930339104,0.0275020281863423,0.107478005889697,-0.390176966702553,0.0495195421127652,-0.203412272683091,0.0625191106111898,0.14776078334343,-0.29041942004724,-0.119792131850486,-2.88456106959303,-3.11357756360516,-3.09993484212586,-2.7858910124935,-2.88756592676118,-2.98711817992286,-2.77306225203374,-3.26089599757572,-2.92283838703618,-3.16552306747288,-2.62993041267941,5.40088616373399,-7.91685840881203
"gene_51",-0.164953625613853,0.251619756399294,-0.111463559600541,-0.0663532733471959,0.224446753111759,-0.118634734372526,-0.31630438789127,0.156162843679073,0.0945767147522163,0.105236259161665,-0.346593790317192,-3.16435695352574,-2.70139852502596,-2.84385701980361,-2.82408036513255,-2.81621303420697,-2.75308018798594,-3.04115879714616,-2.87139089158043,-3.02218314543752,-3.22301278312536,-3.08952645133059,8.25962566354301,-6.79216339103738
"gene_52",0.170870108001564,0.00379086737073362,-0.0601742427111952,0.143385270520277,-0.276589292030207,0.153481386626279,0.0120793954675335,0.0739653774524418,-0.0428353727709554,0.0261869602510848,0.0559162396755398,-2.98002513161149,-3.39505822694608,-3.13826739529494,-3.38948167351687,-3.11788828231959,-3.04441532874256,-2.98950449268391,-2.97751876871355,-2.85764523553817,-2.67373826304472,-2.92362620163831,7.53401804484185,-7.17720490930158
"gene_53",-0.187797154167314,0.169283159231439,-0.158561630881822,-0.152732119406191,-0.283176533906811,-0.0153027201840888,0.280145396393508,0.0244560781512137,0.324028904857464,0.0158549549446383,0.140508136695188,-2.96038982166268,-2.87220916775409,-3.04293161480409,-2.90742099310555,-3.08171144890576,-2.9159155501201,-2.81805939137517,-2.69293445026829,-3.10697487757809,-3.07384497498043,-2.90862870230271,7.17425153979615,-8.15123972585224
"gene_54",-0.683506233492511,0.0223039081106268,0.109774980146335,-0.204608422043528,0.0452254208258719,-0.274614515015225,0.159972109928381,-0.10032177325096,-0.0779175708203411,0.124649948609169,0.0877721974802973,-2.85508862982848,-3.21818694539392,-2.80332134237631,-3.13713484766071,-3.13701975195205,-2.99549746575511,-3.07533314077767,-3.08488369354307,-2.85743186552538,-3.1977795416578,-3.02117101134702,7.96813271354218,-8.21916124143659
"gene_55",0.19515380785033,0.130587468643282,-0.0671957155800438,-0.240451110242857,0.29451995928255,0.0897214365174778,-0.0832153461219573,-0.105710624793303,-0.0329466098727417,0.105746557272944,-0.1912242796714,-3.5925938878735,-2.86793662981932,-2.86596566969188,-2.98205008732154,-3.45002566823604,-2.93429383681389,-3.18088956158905,-2.92708102303571,-3.22081843948428,-2.86782704587113,-3.1307598675194,-11.5315984100478,6.29705677546678
"gene_56",-0.352304003466527,0.170120547828464,0.0516713400525967,0.241886727606392,0.0917082581765604,0.282307587463536,0.0683958747141374,0.391350988509673,-0.0526593018206635,-0.064336120955851,0.0562125137097413,-2.99953629831924,-2.99690571353201,-3.13294345781363,-3.0914159821643,-3.12145732496309,-3.1148440093423,-2.82042517722814,-2.96105949349041,-2.91631739563639,-3.22672771907371,-2.92490138439728,-8.89690141843477,5.33383793645887
"gene_57",-0.107838953425608,0.0727255878973444,0.159943738280622,-0.150559594292709,0.0193478147027732,0.0522133920655224,-0.0690361417154309,-0.0465240117368554,0.140556793686232,0.25951507810339,0.480399099314864,-3.20559686714284,-3.12829727668262,-2.93969724269229,-3.07761061519041,-3.09957511872483,-3.06653947325063,-3.00558782094061,-3.30516372553505,-3.44190249339523,-2.89800422484266,-2.81167733511385,-10.7680581514185,4.87726040427663
"gene_58",0.152259711422858,-0.155151757293729,-0.0918957317351643,0.33561892221046,0.0510570775422153,0.288256246146272,-0.122741001093332,0.105079242036782,0.058532834975468,-0.0551393722238989,0.0974305707715574,-3.04676656613912,-2.87389898562678,-3.31886533739181,-3.09067877177717,-2.91487498689405,-2.91342680094642,-2.92498301790704,-2.98411480827234,-3.03517648294203,-3.4659596317774,-2.65203292195779,-10.4664427372672,7.13132962814762
"gene_59",-0.0955373933377181,-0.154203648524256,-0.214480964578239,-0.0636621469197448,-0.015337479309091,0.0808621273121828,0.0283169575701742,-0.0203933484560923,-0.0221673479578238,-0.128372302898667,0.0957943407697229,-3.00034093174539,-2.90828997736511,-3.2107866257169,-2.73830820319321,-3.1514684818745,-2.95292677162786,-3.26165126723458,-3.08421850133615,-2.97360582200121,-3.01191359070584,-3.26613109751004,-8.29576238482352,5.7010236806957
"gene_60",-0.274049916464261,0.075928775198146,0.0935405388903804,-0.191541584572387,-0.0636755720927744,-0.302474935136052,0.324001583882883,0.528893230625138,-0.241240586124336,-0.165905870613317,-0.0621678912729652,-2.93536546766435,-3.39904640089819,-3.15931401440539,-3.11098924434545,-2.81456953252512,-3.54127544528765,-3.04959478148271,-2.70077068318839,-2.67328839033635,-2.99493055244758,-2.90562334658997,-8.60028994905322,5.54653209172363
"gene_61",0.455654689516589,0.404549901411985,-0.187366037446683,-0.151662023901528,0.160590632483125,0.123206376483204,0.0915267622221846,0.237288757838817,0.0699602689843296,-0.0249830710525195,-0.166897229419127,-3.08706843970599,-3.18853191681188,-3.04155848778472,-2.84333758120112,-2.98235470324174,-3.05121975265184,-3.21777117077026,-3.33274794652903,-3.0966948709415,-3.06637466843406,-3.21299774432919,-10.3487114426975,5.21486171494342
"gene_62",-0.0788410379169669,0.114301290253941,-0.17446224897505,0.0674065312944506,-0.141387737918811,-0.0661856455719939,0.0154807750058469,0.232629774707734,0.160968491631155,0.237943713008016,0.192811005990595,-3.05172075821823,-3.11758110885509,-2.89753718931078,-2.55061883864919,-2.71474604564268,-2.73512994877163,-3.20576162008903,-2.9482738524725,-2.93984098594103,-3.1041474394106,-3.02317261091941,-11.2342748651009,7.13877286859932
"gene_63",-0.107259457275949,-0.0470770248983002,0.0663450320198801,0.528570126556405,0.200066985612279,0.0824036843849832,0.15128664704825,0.227268280112798,-0.0802189104446709,0.122875226157627,0.0274256817193988,-3.20083047475867,-3.0381649808929,-2.98128668193872,-3.05363372059741,-2.75633969526339,-3.16099155040618,-2.96293321896222,-3.27231505809811,-3.04468548599878,-2.9958721211739,-3.03458175358607,-8.52536217227081,5.7536378382612
"gene_64",-0.6018864781109,0.0130637239275246,0.230639936676106,0.111270878867627,-0.121612082485387,0.0576803297725441,0.29687008206139,-0.137032910925301,-0.158768520502901,-0.00731306865253137,-0.241721992715768,-3.06279947962497,-3.07592810748276,-3.27129104860491,-2.80596211258597,-3.07591607383358,-3.01797457157708,-2.98057745495408,-3.3377957843946,-2.91358661594273,-2.77521234004261,-3.15801918085711,-8.52544156873869,3.55112344875172
"gene_65",-0.657503072668498,-0.370711371447682,0.0100949869733829,0.222805283593345,-0.0315421548612186,0.10612081026508,-0.142116736561026,0.0355905778273544,0.168870377621013,-0.275509973248356,-0.404949731919193,-3.05161587307553,-2.89873105501426,-3.02501095198356,-3.04186257090423,-2.95531119389358,-3.23705045932624,-3.44574082032575,-2.96327560914715,-3.05086543532528,-2.98006023007403,-2.77841692896643,-10.3821500854659,5.10040642431692
"gene_66",0.358606031521863,-0.0252669458394146,-0.175091762773194,0.190316302261058,-0.0304242505334191,0.0853591003959827,-0.101846551986799,0.181680940417434,0.0347828683200054,0.154562831964297,-0.264650497066276,-3.1246634806236,-2.91156259842843,-2.77442815749152,-2.97402863972511,-2.767631453631,-2.44480125322932,-2.9719701415994,-3.01712414092351,-3.32033616254769,-3.06300464121986,-3.18028487575743,-10.2060893175584,5.68534362309953
"gene_67",-0.126668696579473,-0.00414782641601618,0.0526177000392102,-0.0418344166698744,-0.088478754656324,0.163360049529514,0.0325534350332504,-0.15081104986244,0.0419555015730991,-0.249473164027329,0.0294438010174371,-2.70299102507938,-3.18606488656165,-3.10708986048375,-3.06752499336213,-2.66431459583035,-2.94590321521903,-3.21274331904602,-3.06678624007687,-3.07365202182472,-2.8190435696244,-2.9238074740254,-10.763937920218,5.64629903740892
"gene_68",-0.210882724154332,-0.259034498179833,0.279812218486893,-0.316472890398708,-0.015306216720963,0.0754525290635031,0.385886796763094,-0.203181652938109,0.0456417941556584,0.160117684879782,-0.0400077642794948,-2.51492995206316,-3.03232367570599,-3.05916055117683,-3.13938781350166,-2.69232554676269,-2.71093628591297,-2.65668891993812,-2.90877848703553,-2.78292637374058,-2.79550281113975,-2.73867698927307,-12.5320475108393,5.91846311915132
"gene_69",0.374952118843288,-0.15292740840172,0.110923985533944,-0.143312113719063,0.346203427775764,0.134704563578116,0.532383071098982,0.344800174567219,0.0289353957192852,-0.0654179683528185,0.0709423919627414,-2.64558199381482,-2.8672391516944,-3.01145499540652,-2.84251474853499,-3.12058505540008,-3.19531337675059,-2.97800514790369,-3.40893609035212,-3.18475848390864,-2.9531541165617,-2.80734572285748,-12.1448037483675,5.71683527679514
"gene_70",0.138892035886575,0.0640032490301244,0.250311622984166,0.109821882066753,-0.118977231633632,-0.115604548875036,-0.184165060142834,0.162188688947633,-0.14051222607534,-0.0511918466660281,0.428873051729712,-3.08790082406127,-2.94243115666111,-2.68976846190787,-3.27696075949453,-3.05374912458259,-2.79463814772236,-2.90252037269394,-3.13471196524669,-3.2486145319513,-2.74153498770667,-3.06180191365232,-10.6376006747329,5.67524583194408
"gene_71",0.266468530407851,0.264547866411061,-0.101319174893619,0.0206248211867528,-0.186625913159735,-0.157985466050416,-0.148867855835299,0.0663126017673732,0.165304036157743,-0.00220108261154669,-0.328686395932846,-3.08627956135793,-3.34339509966444,-2.70673311388175,-3.06145516251012,-2.95673406679765,-3.03704575015915,-2.85124623377128,-3.20463795350902,-3.02028820913223,-3.24199341785698,-2.76817176972388,-10.2419450033235,4.82045551802166
"gene_72",0.0647615311274215,-0.0318604195529781,-0.0204765480331069,-0.183739439355733,0.133982464247649,-0.224638546627789,-0.244600589342052,0.18248233598408,-0.0706104075616677,0.380017081729294,0.340992485711832,-2.94529177349524,-2.73982632426843,-3.03494666809414,-3.09646650968143,-2.93472525766248,-2.96071105121493,-3.02732729175507,-3.19485356082518,-2.91067253478993,-3.29555396233518,-3.10541787978199,-9.46727310058192,5.06876134961617
"gene_73",-0.0558496921701422,0.28099068409729,0.105261065487833,-0.212748430074024,0.0771297964921465,-0.125083485343472,-0.0981087107045077,-0.119077192440961,-0.146935094954215,-0.191287163214618,0.283484254812821,-3.1872922983496,-3.02162191683647,-2.93498581432692,-3.11800908733926,-2.75300943991037,-3.32615542635156,-3.02126746997969,-2.80554383432548,-3.08875164034653,-3.10718268881045,-3.2894356148766,-9.48527569269947,6.56529497155168
"gene_74",-0.0238936591191494,-0.213285691525045,-0.49309989577537,0.163633348361023,-0.112939285569504,0.343938552866381,-0.0931039719079919,-0.0431868188822302,-0.227604453562942,0.0117606233998938,0.0665277107209896,-3.15835808573401,-3.02169686905356,-3.14047655573185,-2.99605264884944,-2.96534827006074,-3.21483089181318,-3.27835716292552,-3.17441695805946,-3.08189417045681,-2.99397958666464,-3.14133822373972,-9.24241319589582,5.07277346321617
"gene_75",-0.392670281342428,0.189162287843499,0.0853957286590986,-0.58256234719927,-0.344184407673934,-0.210778678781663,-0.0946734414990685,0.205174118830796,-0.218140495370983,-0.0954009455145077,-0.178053066291519,-2.69491754292602,-2.93768606100409,-2.81515541127238,-3.14753575802786,-2.84320531652237,-3.05175459962468,-2.8907797619992,-3.22431633279769,-3.12378913726041,-2.89895520227291,-2.79981333137111,-9.44038210121339,5.13149038076925
"gene_76",0.0434357108765237,0.209878310452778,0.0310019957264385,0.140303622893323,0.0501876866445376,-0.0552458952643734,0.0523746704850459,0.0563813362297151,-0.00930443323517133,-0.233965227722075,-0.0752575722854922,-2.96117155779157,-3.13404435682966,-2.96172461756884,-3.1880830119995,-2.88296032192238,-3.15326367553813,-2.7356680402195,-3.33544419161798,-3.16946918736168,-2.93654103324542,-2.88022736018359,-11.2887174558267,6.77898190976559
"gene_77",0.123859017005133,0.167005907010041,0.399857984813678,-0.254841500779134,0.205749127822168,-0.0183608837800256,-0.152370638110888,0.161140307024388,-0.266864722882919,-0.0569643958357881,0.130745459458678,-2.73335154593885,-3.19853211794007,-2.99708609649666,-3.17589103881956,-2.87119019955049,-3.16339030424991,-3.16362656242161,-2.83803082589532,-3.15941371270772,-3.03009776935927,-2.93207589181138,-11.2254751621189,6.10087557206775
"gene_78",-0.172754451807372,-0.0659562615432343,-0.0989441652258726,-0.438339787934192,-0.0788766934743595,-0.0839167531374406,0.187856263439042,0.359307174205282,-0.0934613024981821,-0.0645309995942978,0.174106208624369,-3.09975625008558,-2.88236984698901,-3.24562995360231,-2.90258261976891,-2.64421869900149,-3.29268880556842,-2.93158315762696,-3.13708655801477,-2.97134508284218,-2.70804528228021,-3.10662327297762,-9.32983190455854,8.66211974415686
"gene_79",0.0571771942905843,0.258752356910366,-0.0907458620692503,-0.207876377751662,-0.141490094629556,-0.0110959662747056,-0.124636631287409,-0.19084650781757,-0.367281389038953,0.224057394335942,0.151123560159554,-3.15831795774821,-3.04249877326955,-3.30105889697399,-2.88182459276716,-3.41335143063033,-2.69769844216519,-3.02158907235131,-3.00930234000345,-2.91655164952321,-2.8553366467228,-2.84271818663609,-11.509064613764,6.26445242963307
"gene_80",-0.0338578883811675,0.123690586634031,-0.0665266756774106,-0.301461257326703,-0.354908826694146,0.17315847414442,-0.136683880936856,0.329060587342115,-0.285310585092288,-0.355310109930295,-0.0272286104915439,-2.74263548593455,-2.65937630410013,-2.79870943250053,-3.12157168671866,-2.96284541636737,-3.30137392548529,-2.76174860537805,-3.21032155490655,-3.16436130499214,-3.2211194942428,-2.85723284093729,-8.380437440849,-7.29331414526849
"gene_81",0.145808625260064,0.0171706165828399,-0.159169939867215,0.11013115106821,-0.094504951294635,-0.240182952704314,-0.0781695646445524,0.485924649543308,0.0171717157328403,-0.211620215673419,-0.302032896717083,-2.93943785762251,-3.23135987050033,-2.99022083786585,-2.99365888621053,-3.15472515340523,-2.32339815168305,-3.2472167350269,-2.87877613265082,-2.99471693102247,-3.48211236777832,-3.1940238027336,-7.40252028894484,-7.43895678844822
"gene_82",0.298551553434521,-0.0884018184710854,0.254488017881373,-0.347870670024874,-0.104724568773149,-0.172145198719357,-0.346841754303897,0.35799441122598,-0.140921720337493,-0.0794386839248238,0.0997384306716934,-3.12663451111894,-3.14078492884641,-2.99658551555376,-3.07408667249627,-2.91006874677691,-3.18305439074151,-2.9993188933767,-2.8750959604065,-2.93166864184374,-2.79211277264886,-3.00870735926323,-7.3943809642646,-8.51179306080693
"gene_83",0.047202472683857,-0.148472672257539,0.133951478220537,-0.185985277667203,-0.194827352145897,-0.225381550399544,-0.113067801277483,-0.185597579810925,0.0043468900587408,0.0414677730300484,0.0116394353074471,-2.81237195407396,-2.91199558350516,-3.13555852412023,-3.02662663397032,-2.7052654205948,-2.77351216127059,-2.880819945619,-3.07225734106576,-2.87149365361897,-3.12692138109299,-3.14106313720087,-7.26720229071252,-10.2993478362229
"gene_84",0.435385035998242,-0.201811179597473,0.142753543601789,-0.0335286124145147,0.0251905279993277,-0.276091290628681,-0.102098863170075,-0.0203615184066961,0.00205093330623876,0.13704597632651,-0.130176728845969,-2.89261467463873,-2.78286318888673,-3.23823685833209,-3.28211622039791,-2.95221362946915,-3.08532118774443,-2.81831908315313,-2.92344987208418,-3.34705676069366,-3.28965774183621,-3.50541442325943,-6.00681534507282,-5.96696584861081
"gene_85",-0.203860685629028,0.0888475945668367,0.158622848183814,0.119424587840828,0.190310653366428,-0.238299482860565,-0.0743197944674008,-0.151224454882363,0.232813134775217,0.0159435055977694,0.159728257800227,-3.15355409608706,-2.86134355922034,-2.85524609492666,-2.89497949215074,-2.94485829332295,-3.31820154060141,-3.15802036070485,-2.77289671877973,-3.00871815729359,-3.14892009565366,-2.77796552289002,-7.25221467439113,-8.01452548406963
"gene_86",0.188245718816898,0.236358463625539,-0.233739462576154,-0.00445182892466768,-0.137142841185487,0.299423088372502,0.326508174245671,0.39768861917171,-0.133908974463252,0.0702188784738738,-0.00583789880369148,-2.61835730000782,-2.68210204682171,-3.09215769927196,-2.92424405507064,-2.71646957537497,-3.06174173175993,-2.81861411605578,-2.84309841135327,-3.21638549970681,-3.2541229474859,-2.44513608595359,-8.4637671848191,-6.15711821638229
"gene_87",0.00694202691674152,0.252348422079195,0.0312559995317757,-0.133352820014091,0.0773685150900627,0.496071194834527,0.13269143088181,-0.080848290254381,-0.0818919161702349,-0.187641293569336,-0.0231361992057922,-2.94388249930758,-3.13336759912993,-2.81010078908869,-3.12434231025108,-3.1712439095103,-2.83371945612513,-2.7191904708039,-2.75929686604273,-2.94447137522409,-2.89956267580041,-3.39742635176265,-10.0706187552175,-6.40338781945909
"gene_88",0.102887577239459,0.29160213237492,0.00848716089764906,0.0124722027164327,-0.266399008043879,-0.0257792117294524,-0.576060094743554,-0.149254175479804,0.140424194903991,0.450416466368231,-0.123852882908264,-2.92571504112998,-2.96826077578873,-3.03496253686032,-2.84610345262585,-2.98160407191541,-3.12522257859063,-2.8193210105491,-3.03125901739554,-2.77707226345715,-3.15445006973093,-3.11313576195178,-7.06718009384725,-7.79526297242677
"gene_89",0.0976491427283435,0.35368115142322,-0.101125882475861,-0.19344036455032,-0.173040152827963,0.0323069984112935,0.111642267110943,0.0778266250379106,-0.285664504766144,-0.0776491119796474,-0.260458094629209,-2.50618583807913,-3.04084414210995,-2.99547991384071,-3.10099766592138,-3.03883025420697,-3.19169657242238,-3.30101634233032,-3.27195736089542,-2.9402735713875,-2.97060116397307,-2.80322313549836,-7.31288245583731,-7.69624456419402
"gene_90",-0.00570901588562657,0.35612424748109,-0.215388607197045,0.186998572675249,-0.137791642985263,-0.15847500381336,-0.0518750725536267,0.177300700210366,0.0931180775957562,-0.0103510454058312,0.0808544651849771,-2.94561495208841,-3.019266403188,-2.43053565940834,-2.75817282935028,-2.98680726922778,-3.00623734646233,-3.10476382104719,-3.20394269751459,-3.03913008301202,-2.81626368046816,-3.15161315793332,-8.52671441327475,-7.85449264978769
"gene_91",0.307141817215151,-0.117689118705677,0.108055906324331,0.0118057511284369,0.206032674270777,-0.281862647276983,0.140648612712392,-0.256647248561055,0.103188559588282,0.0903900868144875,-0.174113268787199,-2.91834326587984,-2.96550333984433,-3.2335298134726,-3.26220555396638,-2.73431773142227,-2.92411030050912,-2.82419336699367,-3.02397887333177,-3.31628010414431,-2.91206372332112,-3.03598827391516,-7.86945153508593,-7.16091791112496
"gene_92",0.139968121663777,-0.0784714421283766,0.203552656852041,0.26704075294432,-0.0672233025722991,-0.243149563736255,-0.186223026448203,0.209113059019442,0.286318278965306,0.275478885608124,0.0690516906441062,-2.99119502843411,-3.03301370837555,-2.72955277098639,-3.06748809295856,-3.20610931367533,-3.03594507167837,-2.86144472472728,-2.95920585986457,-3.17911306284423,-2.97924286350317,-2.81652157843355,-8.33549488994391,-7.89337142281707
"gene_93",-0.0345139612497121,0.0086025157743678,0.272533798412448,0.0234141797324105,0.00395011699830711,-0.172066808608815,0.316809275177061,0.422740707515204,-0.146907205894509,0.0362354801572137,-0.214486344385546,-2.91600539464538,-2.99104563308119,-3.29941920042701,-3.01266800123437,-2.82834258929839,-2.85889430522105,-2.98210551154035,-2.77768239056862,-2.97550694226098,-3.02868130490623,-3.10299720458331,-7.23046047589302,-6.64565498552087
"gene_94",0.0980177937304384,-0.0727279605042497,-0.0880899402299229,0.0812433961905475,-0.170676650423386,0.0920791480701582,-0.340259306241605,-0.0422104717475808,0.0878811623456949,0.0294397610442401,-0.289787239430125,-3.08781992169118,-3.14035660491006,-2.98675225269647,-2.98418325029246,-2.94335274681739,-2.72073165380442,-2.77095172521856,-3.04065606697387,-3.12181049912079,-3.06864827946326,-3.01912251329252,-7.92941244744434,-9.82424420069168
"gene_95",0.281392717153692,0.0887478594082241,-0.193165118455827,0.0180193445115448,-0.0357828751344195,0.21045287030219,0.102617580747912,-0.236343685900345,-0.00101849910580009,0.125965093797273,-0.0744725618444419,-2.82297255460153,-3.07262272313282,-3.02013512030236,-2.92631426318909,-3.15581371408628,-3.04780680783403,-3.08919970983466,-3.13988261447591,-2.89973708461881,-2.87073730475214,-2.82190790499077,-8.4779745444851,-8.12577262853394
"gene_96",-0.10041953232651,-0.125536853278206,-0.214964337770887,-0.176860208520889,-0.221483983207534,-0.0508987916720249,0.130008778417022,0.201273078089687,-0.343918113670251,0.0366671268414798,-0.307282117856739,-3.11939130667424,-3.13161756520345,-2.86902184555115,-2.89639704744471,-2.88663398684772,-2.98053803083949,-3.06113837630451,-2.81378339578046,-3.13044357373664,-2.74330622207112,-2.88921723730425,-6.810487894032,-6.91280290434638
"gene_97",0.143492715729539,0.413135527229878,-0.230035969861935,0.0238251214821132,0.411802279030179,-0.00809350412381033,-0.138519314587136,-0.0947489436475898,-0.0793914473284464,0.239391117001915,-0.0848898215152671,-2.86019656544429,-2.85966229429585,-3.02830605441932,-3.25718897287297,-2.91402397116884,-3.37973650627345,-2.88446950599552,-2.78098369306158,-3.21670204260025,-3.05708436200123,-3.07342977445167,-8.62317518930391,-6.89284678523405
"gene_98",0.0893994435438386,0.0813303006464019,0.05876028716748,-0.16772571742167,0.00974494578690974,0.267271105917882,0.154936740410195,-0.583112724069893,0.134641960189171,0.133840437452571,-0.264718550356195,-3.07345531217887,-3.14375322807486,-2.84535645379787,-3.04070942627273,-2.83584463024534,-2.98221767416615,-3.12553612602721,-3.05197165351042,-2.95327799510943,-3.01187834902589,-3.09493991156151,-7.35959914205862,-9.62768546163595
"gene_99",0.195232853063706,0.187217124220238,0.0455243602250611,-0.0565581065214126,0.0493743534521548,-0.128831630983126,0.102981725932076,-0.190006595906166,-0.0172921772129763,0.205786832341326,-0.0104248014203458,-3.00321949119743,-2.95719064263914,-3.02695497855561,-3.16577149089091,-2.82001025626247,-3.43164056408849,-3.14571678072825,-3.00200781842503,-3.03789630928081,-2.96366508860346,-3.03825298340631,-6.79132213017731,-7.47898032463588
